id,game
0,@AxieInfinity
1,@NBATopShot
2,@HeroesEmpires
3,@CryptoFights
4,@MegaCryptoPolis
5,@prospectorsgame
6,@TownStarGame
7,@AWTG_PlayDapp
8,@Berserk_Game
9,@kingdom_karnage
10,@Cryptoconflict_
11,@DarkCountryGame
12,@CryptoDragons
13,@neondistrictRPG
14,@Chain_Guardians
15,@PlayCrabada
16,@ForestKnight_io
17,@CryptoIdleMiner
18,@BlockchainCutie
19,@NineChronicles
20,@panzerdogs
21,@zed_run
22,@IQeon
23,@official_a3_gb
24,@BraveNineGlobal
25,@ChainWarriors
26,@cryptospells_en
27,@fearnfts
28,@PegaxyOfficial
29,@MixHyperDragons
30,@CryptoDozer
31,@playcastlecrush
32,@LeagueKingdoms
33,@AlienWorlds
34,@cryptomibs
35,@FarmersWorldNFT
36,@0xSunflowerLand
37,@ants_war
38,@SpellsofGenesis
39,@GunStar_io
40,@thesixdragons
41,@My_DefiPet
42,@Evolution_Land
43,@darkforest_eth
44,@CryptoBlades
45,@MetaOps
46,@Ethermon_NFT
47,@KOGS_GG
48,@clashofcoins
49,@DeHero_official
50,@AuroryProject
51,@illuviumio
52,@playbigtime
53,@Ronin_Network
54,@themachinesgame
55,@TribestersWorld
56,@12am
57,@bowleddotio
58,@AxieChampions
59,@MechInfinity
60,@axieDoLL
61,@OthersideMeta
62,@DEADROP
63,@BattleBears
64,@ThetanArena
65,@22RacingSeries
66,@warriders
67,@CrazyDefenseEN
68,@TheForgeArena
69,@MinesOfDalarnia
70,@AetherGamesInc
71,@GodsUnchained
72,@splinterlands
73,@SkyweaverGame
74,@LifeBeyond
75,@PlayBlankos
76,@LostRelicsGame
77,@TheSandboxGame
78,@play_evio
79,@UndeadBlocks
80,@Sweatcoin
81,@decentraland
82,@reality_clash
83,@Idle_Mystic
84,@TheImmortalGame
85,@GoldenBrosNM
86,@spider_tanks
87,@walken_io
